{"cameraMode":{"drawMode":0,"name":"Shaded","section":"Shading Mode"},"sceneLighting":true,"audioPlay":false,"sceneViewState":{"showFog":false,"showMaterialUpdate":false,"showSkybox":false,"showFlares":false,"showImageEffects":false,"showParticleSystems":false},"in2DMode":false,"pivot":{"x":0.11542713642120362,"y":0.15341967344284059,"z":0.12079203128814697},"rotation":{"x":-0.0757993534207344,"y":-0.7423655390739441,"z":0.08523118495941162,"w":-0.6602142453193665},"size":0.8063448071479797,"orthographic":false}