{"cameraMode":{"drawMode":0,"name":"Shaded","section":"Shading Mode"},"sceneLighting":false,"audioPlay":false,"sceneViewState":{"showFog":false,"showMaterialUpdate":false,"showSkybox":false,"showFlares":false,"showImageEffects":false,"showParticleSystems":false},"in2DMode":false,"pivot":{"x":-0.1896800994873047,"y":0.21729113161563874,"z":-3.6041722297668459},"rotation":{"x":0.22644773125648499,"y":0.7051581144332886,"z":-0.25725093483924868,"w":0.620722234249115},"size":1.3815747499465943,"orthographic":false}