{"cameraMode":{"drawMode":0,"name":"Shaded","section":"Shading Mode"},"sceneLighting":false,"audioPlay":false,"sceneViewState":{"showFog":false,"showMaterialUpdate":false,"showSkybox":false,"showFlares":false,"showImageEffects":false,"showParticleSystems":false},"in2DMode":false,"pivot":{"x":0.019999999552965165,"y":0.21400000154972077,"z":-0.7799999713897705},"rotation":{"x":0.1721232384443283,"y":0.8244766592979431,"z":-0.33775874972343447,"w":0.420156329870224},"size":4.507394790649414,"orthographic":false}